{
    "com.badlogic.gdx.graphics.g2d.BitmapFont": {
        "button": "Nativefont",
        "font": "Nativefont",
        "title": "Nativefont"
    },
    "com.badlogic.gdx.graphics.Color": {
        "base-10": {"r": 0.086, "g": 0.098, "b": 0.145},
        "base-20": {"r": 0.144, "g": 0.164, "b": 0.242},
        "base-30": {"r": 0.189, "g": 0.215, "b": 0.318},
        "base-40": {"r": 0.241, "g": 0.273, "b": 0.405},
        "base-50": {"r": 0.296, "g": 0.336, "b": 0.498},
        "base-60": {"r": 0.354, "g": 0.403, "b": 0.596},
        "base-70": {"r": 0.444, "g": 0.489, "b": 0.669},
        "base-80": {"r": 0.549, "g": 0.586, "b": 0.732},
        "base-90": {"r": 0.658, "g": 0.686, "b": 0.797},
        "base-100": {"r": 0.769, "g": 0.788, "b": 0.863},

        "base-10-transparent": {"r": 0.086, "g": 0.098, "b": 0.145, "a": 0.925},
        "base-20-transparent": {"r": 0.189, "g": 0.215, "b": 0.318, "a": 0.422},
        "base-30-transparent": {"r": 0.241, "g": 0.273, "b": 0.405, "a": 0.422},
        "base-40-transparent": {"r": 0.241, "g": 0.273, "b": 0.405, "a": 0.925},
        "base-50-transparent": {"r": 0.296, "g": 0.336, "b": 0.498, "a": 0.925},
        "base-60-transparent": {"r": 0.354, "g": 0.403, "b": 0.596, "a": 0.925},
        "base-70-transparent": {"r": 0.444, "g": 0.489, "b": 0.669, "a": 0.925},
        "base-80-transparent": {"r": 0.549, "g": 0.586, "b": 0.732, "a": 0.925},
        "base-90-transparent": {"r": 0.658, "g": 0.686, "b": 0.797, "a": 0.925},
        "base-100-transparent": {"r": 0.769, "g": 0.788, "b": 0.863, "a": 0.925},

        "negative-40": { "hex": "#722d38" },
        "negative-50": { "hex": "#833440" },
        "negative-60": { "hex": "#943b48" },

        "primary-50": { "hex": "#447d4f" },
        "primary-60": { "hex": "#3e7248" },
        "primary-40": { "hex": "#3b6644" },

        "text-primary": { "hex": "#f4f4f4ff" },
        "text-subdued": {"r": 0.686, "g": 0.733, "b": 0.918},
        "text-interactive": {"r": 1, "g": 1, "b": 1},

        "black": {"r": 0.024, "g": 0.027, "b": 0.035},

        "gray": {
            "r": 0.5,
            "g": 0.5,
            "b": 0.5,
            "a": 1
        },
        "dark-gray": {
            "r": 0.25,
            "g": 0.25,
            "b": 0.25,
            "a": 1
        },
        "disabled": {
            "r": 0.14509805,
            "g": 0.16862746,
            "b": 0.24313726,
            "a": 1
        },
        "highlight": {
            "r": 0.39607844,
            "g": 0.8627451,
            "b": 0.44705883,
            "a": 1
        },
        "pressed": {
            "r": 0.2529412,
            "g": 0.6,
            "b": 0.33313715,
            "a": 1
        },
        "selection": {
            "r": 0.22745098,
            "g": 0.59607846,
            "b": 0.85882354,
            "a": 1
        },
        "white": {
            "r": 1,
            "g": 1,
            "b": 1,
            "a": 1
        },
        "negative": {
            "r": 0.5529412,
            "g": 0.03137255,
            "b": 0.0,
            "a": 1
        },
        "negative-highlight": {
            "r": 0.8666667,
            "g": 0.078431375,
            "b": 0.050980393,
            "a": 1
        },
        "negative-selected": {
            "r": 0.7764706,
            "g": 0.0627451,
            "b": 0.039215688,
            "a": 1
        },
        "promotion-default": {
            "r": 0,
            "g": 0,
            "b": 0,
            "a": 1
        },
        "promotion-selected": {
            "r": 0.2824,
            "g": 0.5765,
            "b": 0.6863,
            "a": 1
        },
        "promotion-path": {
            "r": 0.1882,
            "g": 0.3843,
            "b": 0.4575,
            "a": 1
        },
        "promotion-promoted": {
            "r": 0.8,
            "g": 0.6745,
            "b": 0,
            "a": 1
        },
        "promotion-promoted-text": {
            "r": 0.16,
            "g": 0.1349,
            "b": 0,
            "a": 1
        },
        "promotion-pickable": {
            "r": 0.1098,
            "g": 0.3137,
            "b": 0,
            "a": 1
        },
        "promotion-prerequisite": {
            "r": 0.405,
            "g": 0.506,
            "b": 0.81,
            "a": 1
        },
        "promotion-grouplines": {
            "r": 1,
            "g": 1,
            "b": 1,
            "a": 1
        },
        "promotion-otherlines": {
            "r": 1,
            "g": 0.7,
            "b": 0,
            "a": 0
        }
    },
    "com.badlogic.gdx.scenes.scene2d.ui.Skin$TintedDrawable": {
        "layer1-container": {
            "name": "layer-container",
            "color": "base-20"
        },
        "layer1-transparent-container": {
            "name": "layer-container",
            "color": "base-20-transparent"
        },
        "layer2-container": {
            "name": "layer-container",
            "color": "base-30"
        },
        "layer2-transparent-container": {
            "name": "layer-container",
            "color": "base-30-transparent"
        },

        "button": {
            "name": "RoundedEdgeRectangle",
            "color": "base-50"
        },
        "button-down": {
            "name": "RoundedEdgeRectangle",
            "color": "base-40"
        },
        "button-hover": {
            "name": "RoundedEdgeRectangle",
            "color": "base-60"
        },
        "button-disabled": {
            "name": "RoundedEdgeRectangle",
            "color": "base-20"
        },

        "button-main-menu": {
            "name": "RoundedEdgeRectangle",
            "color": "base-50-transparent"
        },
        "button-main-menu-down": {
            "name": "RoundedEdgeRectangle",
            "color": "base-40-transparent"
        },
        "button-main-menu-hover": {
            "name": "RoundedEdgeRectangle",
            "color": "base-60-transparent"
        },
        "button-main-menu-disabled": {
            "name": "RoundedEdgeRectangle",
            "color": "base-20-transparent"
        },

        "button-tab": {
            "name": "tab",
            "color": "base-40"
        },
        "button-tab-down": {
            "name": "tab",
            "color": "base-30"
        },
        "button-tab-hover": {
            "name": "tab",
            "color": "base-50"
        },
        "button-tab-disabled": {
            "name": "tab",
            "color": "base-20"
        },

        "button-tab-active": {
            "name": "tab-active",
            "color": "base-50"
        },
        "button-tab-active-down": {
            "name": "tab-active",
            "color": "base-40"
        },
        "button-tab-active-hover": {
            "name": "tab-active",
            "color": "base-60"
        },
        "button-tab-active-disabled": {
            "name": "tab-active",
            "color": "base-20"
        },

        "button-primary": {
            "name": "RoundedEdgeRectangle",
            "color": "primary-50"
        },
        "button-primary-down": {
            "name": "RoundedEdgeRectangle",
            "color": "primary-40"
        },
        "button-primary-hover": {
            "name": "RoundedEdgeRectangle",
            "color": "primary-60"
        },

        "button-negative": {
            "name": "RoundedEdgeRectangle",
            "color": "negative-50"
        },
        "button-negative-pressed": {
            "name": "RoundedEdgeRectangle",
            "color": "negative-40"
        },
        "button-negative-hover": {
            "name": "RoundedEdgeRectangle",
            "color": "negative-60"
        },

        "checkbox-c": {
            "name": "Checkbox",
            "color": "base-50"
        },
        "checkbox-pressed-c": {
            "name": "Checkbox-pressed",
            "color": "base-50"
        },
        "checkbox-disabled-c": {
            "name": "Checkbox",
            "color": "disabled"
        },